{
    "root_group": {
        "checks": {
            "status was 200": {
                "passes": 0,
                "fails": 1,
                "name": "status was 200",
                "path": "::status was 200",
                "id": "1461660757a913d4fb82ac4c5e1009de"
            }
        },
        "name": "",
        "path": "",
        "id": "d41d8cd98f00b204e9800998ecf8427e",
        "groups": {}
    },
    "metrics": {
        "checks": {
            "fails": 1,
            "passes": 0,
            "value": 0
        },
        "http_req_sending": {
            "avg": 0,
            "min": 0,
            "med": 0,
            "max": 0,
            "p(90)": 0,
            "p(95)": 0
        },
        "data_sent": {
            "count": 343,
            "rate": 262.4418075461431
        },
        "data_received": {
            "count": 294,
            "rate": 224.95012075383693
        },
        "http_req_tls_handshaking": {
            "min": 0,
            "med": 0,
            "max": 0,
            "p(90)": 0,
            "p(95)": 0,
            "avg": 0
        },
        "http_reqs": {
            "count": 1,
            "rate": 0.7651364651491052
        },
        "http_req_duration": {
            "avg": 117.6567,
            "min": 117.6567,
            "med": 117.6567,
            "max": 117.6567,
            "p(90)": 117.6567,
            "p(95)": 117.6567
        },
        "http_req_failed": {
            "passes": 1,
            "fails": 0,
            "value": 1
        },
        "http_req_connecting": {
            "p(90)": 101.8753,
            "p(95)": 101.8753,
            "avg": 101.8753,
            "min": 101.8753,
            "med": 101.8753,
            "max": 101.8753
        },
        "http_req_receiving": {
            "avg": 0,
            "min": 0,
            "med": 0,
            "max": 0,
            "p(90)": 0,
            "p(95)": 0
        },
        "iterations": {
            "count": 1,
            "rate": 0.7651364651491052
        },
        "vus_max": {
            "value": 1,
            "min": 1,
            "max": 1
        },
        "http_req_waiting": {
            "avg": 117.6567,
            "min": 117.6567,
            "med": 117.6567,
            "max": 117.6567,
            "p(90)": 117.6567,
            "p(95)": 117.6567
        },
        "iteration_duration": {
            "avg": 1306.4181,
            "min": 1306.4181,
            "med": 1306.4181,
            "max": 1306.4181,
            "p(90)": 1306.4181,
            "p(95)": 1306.4181
        },
        "vus": {
            "value": 1,
            "min": 1,
            "max": 1
        },
        "http_req_blocked": {
            "max": 179.2521,
            "p(90)": 179.2521,
            "p(95)": 179.2521,
            "avg": 179.2521,
            "min": 179.2521,
            "med": 179.2521
        }
    }
}